product_id,product_name,product_category,unit_cost_eur,unit_price_eur,weight_kg,supplier_lead_time_days
PRD-0001,Wireless Mouse 01,Electronics,82.86,121.54,0.89,13
PRD-0002,USB-C Hub 02,Electronics,66.73,112.30,0.69,5
PRD-0003,Bluetooth Speaker 03,Electronics,85.18,146.25,0.46,8
PRD-0004,Webcam 04,Electronics,85.69,164.08,0.74,12
PRD-0005,Mechanical Keyboard 05,Electronics,45.95,89.11,0.85,14
PRD-0006,Wireless Mouse 06,Electronics,38.48,85.22,0.80,9
PRD-0007,USB-C Hub 07,Electronics,71.37,148.39,1.09,3
PRD-0008,Bluetooth Speaker 08,Electronics,70.79,151.85,0.76,8
PRD-0009,Webcam 09,electronics,73.00,152.18,0.58,4
PRD-0010,Mechanical Keyboard 10,Electronics,51.31,109.34,0.78,4
PRD-0011,Wireless Mouse 11,Electronics,35.29,62.90,1.34,9
PRD-0012,USB-C Hub 12,Electronics,49.54,105.16,1.00,9
PRD-0013,Bluetooth Speaker 13,Electronics,47.86,94.06,1.03,10
PRD-0014,Webcam 14,Electronics,51.20,102.60,1.31,12
PRD-0015,Mechanical Keyboard 15,Electronics,38.98,65.82,1.06,14
PRD-0016,Wireless Mouse 16,Electronics,75.14,140.26,0.70,13
PRD-0017,USB-C Hub 17,Electronics,74.00,164.44,0.98,7
PRD-0018,Bluetooth Speaker 18,Electronics,57.37,121.00,0.85,11
PRD-0019,Webcam 19,Electronics,82.15,138.93,1.23,11
PRD-0020,Mechanical Keyboard 20,Electronics,94.30,154.58,0.45,8
PRD-0021,Storage Set 01,Home and Kitchen,24.63,45.05,0.88,4
PRD-0022,Coffee Press 02,Home & Kitchen,24.29,43.91,2.01,9
PRD-0023,Desk Lamp 03,Home & Kitchen,35.40,56.17,1.57,10
PRD-0024,Kitchen Scale 04,Home & Kitchen,23.98,49.16,1.97,5
PRD-0025,Water Bottle 05,Home & Kitchen,26.02,56.55,2.20,4
PRD-0026,Storage Set 06,Home & Kitchen,15.57,33.53,1.17,10
PRD-0027,Coffee Press 07,Home & Kitchen,19.13,30.85,1.30,13
PRD-0028,Desk Lamp 08,Home and Kitchen,35.29,72.89,1.11,14
PRD-0029,Kitchen Scale 09,Home & Kitchen,15.77,34.84,1.08,13
PRD-0030,Water Bottle 10,Home & Kitchen,37.87,68.10,2.59,12
PRD-0031,Storage Set 11,Home & Kitchen,32.59,71.57,0.71,8
PRD-0032,Coffee Press 12,Home & Kitchen,35.70,65.17,1.99,7
PRD-0033,Desk Lamp 13,Home & Kitchen,18.42,34.77,0.74,7
PRD-0034,Kitchen Scale 14,Home & Kitchen,37.50,79.96,1.70,8
PRD-0035,Water Bottle 15,Home & Kitchen,29.00,53.36,1.61,3
PRD-0036,Storage Set 16,Home & Kitchen,36.12,56.69,1.10,14
PRD-0037,Coffee Press 17,Home & Kitchen,27.81,48.33,2.60,14
PRD-0038,Desk Lamp 18,Home & Kitchen,19.12,41.29,2.30,11
PRD-0039,Kitchen Scale 19,Home & Kitchen,13.01,21.95,1.40,10
PRD-0040,Water Bottle 20,Home & Kitchen,19.75,38.23,1.34,4
PRD-0041,Electric Toothbrush 01,Personal Care,16.53,35.10,0.49,14
PRD-0042,Grooming Kit 02,Personal Care,17.68,37.14,0.55,6
PRD-0043,Skin Care Set 03,Personal Care,11.40,23.93,0.55,5
PRD-0044,Hair Dryer 04,Personal Care,6.69,9.77,0.25,6
PRD-0045,Massage Roller 05,Personal Care,8.59,17.66,0.50,9
PRD-0046,Electric Toothbrush 06,Personal Care,18.37,27.94,0.48,10
PRD-0047,Grooming Kit 07,Personal Care,9.82,21.89,0.47,11
PRD-0048,Skin Care Set 08,Personal Care,15.76,30.88,0.26,4
PRD-0049,Hair Dryer 09,Personal Care,6.53,12.08,0.37,14
PRD-0050,Massage Roller 10,Personal care ,8.54,14.55,0.26,5
PRD-0051,Electric Toothbrush 11,Personal care ,12.99,23.03,0.53,4
PRD-0052,Grooming Kit 12,Personal Care,15.04,25.55,0.48,10
PRD-0053,Skin Care Set 13,Personal Care,6.60,9.64,0.60,9
PRD-0054,Hair Dryer 14,Personal Care,12.09,22.46,0.53,8
PRD-0055,Massage Roller 15,Personal Care,16.44,30.15,0.40,11
PRD-0056,Electric Toothbrush 16,Personal Care,15.53,23.87,0.55,4
PRD-0057,Grooming Kit 17,Personal Care,18.30,35.09,0.45,10
PRD-0058,Skin Care Set 18,Personal Care,7.87,11.53,0.48,10
PRD-0059,Hair Dryer 19,Personal care ,5.93,11.31,0.34,3
PRD-0060,Massage Roller 20,Personal care ,6.01,10.74,0.50,3
PRD-0061,Yoga Mat 01,Sports & Outdoors,31.86,55.56,1.49,11
PRD-0062,Resistance Bands 02,Sports & Outdoors,48.42,87.71,1.61,8
PRD-0063,Hiking Bottle 03,Sports & Outdoors,20.81,33.68,1.73,11
PRD-0064,Training Bag 04,Sports & Outdoors,42.78,77.37,0.86,13
PRD-0065,Fitness Tracker Band 05,Sports & Outdoors,32.14,71.66,0.85,13
PRD-0066,Yoga Mat 06,Sports & Outdoors,24.72,49.55,1.84,14
PRD-0067,Resistance Bands 07,Sports & Outdoors,49.42,98.98,1.48,8
PRD-0068,Hiking Bottle 08,Sports and Outdoors,51.16,90.11,1.50,14
PRD-0069,Training Bag 09,Sports & Outdoors,45.83,75.76,1.18,6
PRD-0070,Fitness Tracker Band 10,Sports & Outdoors,41.50,73.04,0.91,11
PRD-0071,Yoga Mat 11,Sports & Outdoors,25.90,46.93,0.87,14
PRD-0072,Resistance Bands 12,Sports & Outdoors,50.21,89.50,1.46,3
PRD-0073,Hiking Bottle 13,Sports & Outdoors,49.11,93.82,1.04,13
PRD-0074,Training Bag 14,Sports & Outdoors,27.93,48.65,0.65,7
PRD-0075,Fitness Tracker Band 15,Sports & Outdoors,27.07,39.53,1.66,7
PRD-0076,Yoga Mat 16,Sports & Outdoors,47.21,82.48,1.65,13
PRD-0077,Resistance Bands 17,Sports & Outdoors,40.00,72.64,0.99,14
PRD-0078,Hiking Bottle 18,Sports & Outdoors,17.58,38.69,1.34,4
PRD-0079,Training Bag 19,Sports & Outdoors,50.36,96.75,0.63,3
PRD-0080,Fitness Tracker Band 20,Sports & Outdoors,48.68,103.40,1.70,8
PRD-0081,Notebook Set 01,Office Supplies,8.50,14.75,0.78,14
PRD-0082,Desk Organiser 02,Office Supplies,5.40,8.10,0.62,6
PRD-0083,Printer Paper 03,Office Supplies,10.50,20.52,0.39,3
PRD-0084,Marker Set 04,Office Supplies,5.98,12.99,0.67,8
PRD-0085,Laptop Stand 05,Office Supplies,12.60,18.98,0.69,11
PRD-0086,Notebook Set 06,Office Supplies,9.42,15.51,0.44,12
PRD-0087,Desk Organiser 07,Office Supplies,11.70,18.64,0.56,7
PRD-0088,Printer Paper 08,Office Supplies,7.90,11.54,0.26,5
PRD-0089,Marker Set 09,Office Supplies,9.39,19.45,0.74,13
PRD-0090,Laptop Stand 10,Office Supplies,12.14,19.95,0.69,6
PRD-0091,Notebook Set 11,office supplies,9.46,17.00,0.65,11
PRD-0092,Desk Organiser 12,Office Supplies,6.35,9.28,0.67,9
PRD-0093,Printer Paper 13,Office Supplies,6.81,12.32,0.32,13
PRD-0094,Marker Set 14,Office Supplies,4.89,10.11,0.32,5
PRD-0095,Laptop Stand 15,Office Supplies,11.55,23.45,0.68,7
PRD-0096,Notebook Set 16,Office Supplies,9.33,19.73,0.22,5
PRD-0097,Desk Organiser 17,Office Supplies,7.74,12.37,0.45,12
PRD-0098,Printer Paper 18,office supplies,10.40,15.34,0.35,14
PRD-0099,Marker Set 19,Office Supplies,8.77,16.51,0.76,9
PRD-0100,Laptop Stand 20,Office Supplies,11.60,17.01,0.58,12
PRD-0101,Phone Stand 01,Accessories,8.53,13.77,0.26,4
PRD-0102,Cable Set 02,Accessories,8.30,16.81,0.26,10
PRD-0103,Travel Adapter 03,Accessories,21.38,31.55,0.13,10
PRD-0104,Protective Sleeve 04,Accessories,11.04,23.77,0.20,5
PRD-0105,Charging Pouch 05,Accessories,17.62,26.75,0.17,14
PRD-0106,Phone Stand 06,Accessories,12.42,26.75,0.13,14
PRD-0107,Cable Set 07,Accessories,11.81,25.00,0.38,14
PRD-0108,Travel Adapter 08,Accessories,17.39,29.97,0.23,5
PRD-0109,Protective Sleeve 09,Accessories,21.97,35.49,0.23,3
PRD-0110,Charging Pouch 10,Accessories,13.20,21.36,0.31,8
PRD-0111,Phone Stand 11,ACCESSORIES,17.37,36.21,0.20,13
PRD-0112,Cable Set 12,ACCESSORIES,21.17,35.02,0.23,10
PRD-0113,Travel Adapter 13,Accessories,12.50,22.45,0.39,6
PRD-0114,Protective Sleeve 14,Accessories,20.81,39.41,0.34,6
PRD-0115,Charging Pouch 15,Accessories,11.88,18.50,0.12,10
PRD-0116,Phone Stand 16,Accessories,20.39,32.75,0.27,11
PRD-0117,Cable Set 17,Accessories,10.88,18.87,0.24,9
PRD-0118,Travel Adapter 18,Accessories,12.53,21.02,0.19,13
PRD-0119,Protective Sleeve 19,Accessories,23.68,38.98,0.17,8
PRD-0120,Charging Pouch 20,Accessories,14.23,25.17,0.19,12
